{
    "loss": 21.184036254882812,
    "accuracy": 0.5538461804389954
}