{
    "loss": 0.43968069553375244,
    "accuracy": 0.7846153974533081
}